{
    "btn_keyboard": {
        "buy": "🛍 خرید اشتراک",
        "test": "🔑 سرویس تست",
        "my_service": "🛒 سرویس های من",
        "wallet": "👤 مشخصات کاربری",
        "support": "☎️  پشتیبانی"
    },
    "text_account": {
        "add_balance": "💎 برای افزایش موجودی حساب کاربری خود مبلغی که میخواهید حساب را شارژ کنید ارسال نمایید (‌مبلغ به تومان می باشد )"
    }
}